extraction_date,is_start_date_verified,is_end_date_verified,is_start_position_verified,is_end_position_verified,start_date,end_date,location_method,vehicle_impact,beginning_accuracy,ending_accuracy,start_date_accuracy,end_date_accuracy,Id,_id,core_details.name,core_details.data_source_id,core_details.event_type,core_details.road_names,core_details.direction,core_details.description,types_of_work,types_of_incident,data_source_id,organization_name,update_date,contact_name,contact_email,update_frequency
2026-07-27,False,False,False,False,2026-07-01T07:00:00Z,2026-10-01T06:59:59Z,unknown,all-lanes-closed,estimated,estimated,estimated,estimated,0918eea4-eea1-0064-1ef1-999987cb073a,0,East Rim Drive from Park HQ to Phantom Ship Overlook is currently CLOSED for road construction. ,02e0312b-cbd4-40bb-2c4e-08d4c7ad36e2,work-zone,['East Rim Drive and Pinnacles Road'],westbound,Year 4 of East Rim Drive Construction Project. ,,,02e0312b-cbd4-40bb-2c4e-08d4c7ad36e2,Crater Lake National Park,2024-02-01T01:07:37.430224Z,Crater Lake National Park,CRLA_Superintendent@nps.gov,
2026-07-27,False,False,False,False,2026-07-01T07:00:00Z,2026-10-01T06:59:59Z,unknown,all-lanes-closed,estimated,estimated,estimated,estimated,3ad1da77-fd23-daef-4a9a-d15cf508878b,1,East Rim Drive from Park HQ to Phantom Ship Overlook is currently CLOSED for road construction. ,02e0312b-cbd4-40bb-2c4e-08d4c7ad36e2,work-zone,['East Rim Drive and Pinnacles Road'],eastbound,Year 4 of East Rim Drive Construction Project. ,,,02e0312b-cbd4-40bb-2c4e-08d4c7ad36e2,Crater Lake National Park,2024-02-01T01:07:37.430224Z,Crater Lake National Park,CRLA_Superintendent@nps.gov,
2026-07-27,False,False,False,False,2026-07-01T07:00:00Z,2026-10-01T06:59:59Z,unknown,all-lanes-closed,estimated,estimated,estimated,estimated,7af2ab51-c207-acd5-a9b3-4078b6c55fcb,2,East Rim Drive from Park HQ to Phantom Ship Overlook is currently CLOSED for road construction. ,02e0312b-cbd4-40bb-2c4e-08d4c7ad36e2,work-zone,['East Rim Drive and Pinnacles Road'],southbound,Year 4 of East Rim Drive Construction Project. ,,,02e0312b-cbd4-40bb-2c4e-08d4c7ad36e2,Crater Lake National Park,2024-02-01T01:07:37.430224Z,Crater Lake National Park,CRLA_Superintendent@nps.gov,
2026-07-27,False,False,False,False,2026-07-01T07:00:00Z,2026-10-01T06:59:59Z,unknown,all-lanes-closed,estimated,estimated,estimated,estimated,a2d63850-6fd8-1cc3-0c29-a62297d04482,3,East Rim Drive from Park HQ to Phantom Ship Overlook is currently CLOSED for road construction. ,02e0312b-cbd4-40bb-2c4e-08d4c7ad36e2,work-zone,['East Rim Drive and Pinnacles Road'],northbound,Year 4 of East Rim Drive Construction Project. ,,,02e0312b-cbd4-40bb-2c4e-08d4c7ad36e2,Crater Lake National Park,2024-02-01T01:07:37.430224Z,Crater Lake National Park,CRLA_Superintendent@nps.gov,
2026-07-27,False,False,False,False,2026-05-01T06:00:00Z,2026-12-01T06:59:59Z,unknown,all-lanes-closed,estimated,estimated,estimated,estimated,24f8720b-38b4-322d-9183-99993cb4f126,4,Death Canyon Road and Trailhead,18e0916e-0a41-4038-2cc3-08d4c7ad36e2,work-zone,['Death Canyon Road '],northbound,"Death Canyon Road and Trailhead are closed to all use. Start hikes at alternative trailheads such as Granite Canyon, LSR Preserve, and Taggart Lake. ","[{'type_name': 'roadway-creation'}, {'type_name': 'surface-work'}]",,18e0916e-0a41-4038-2cc3-08d4c7ad36e2,Grand Teton,2025-05-29T18:18:11.021581Z,Grand Teton,grte_Superintendent@nps.gov,
2026-07-27,False,False,False,False,2026-05-01T06:00:00Z,2026-12-01T06:59:59Z,unknown,all-lanes-closed,estimated,estimated,estimated,estimated,638a35c9-1f06-ddc2-a1e9-89680cc355d0,5,Death Canyon Road and Trailhead,18e0916e-0a41-4038-2cc3-08d4c7ad36e2,work-zone,['Death Canyon Road '],southbound,"Death Canyon Road and Trailhead are closed to all use. Start hikes at alternative trailheads such as Granite Canyon, LSR Preserve, and Taggart Lake. ","[{'type_name': 'roadway-creation'}, {'type_name': 'surface-work'}]",,18e0916e-0a41-4038-2cc3-08d4c7ad36e2,Grand Teton,2025-05-29T18:18:11.021581Z,Grand Teton,grte_Superintendent@nps.gov,
2026-07-27,False,False,False,False,2026-07-23T06:00:00Z,2026-11-02T06:59:59Z,unknown,flagging,estimated,estimated,estimated,estimated,0f5eb35f-56bd-61f1-aa6e-d756486aa5e3,6,Moose-Wilson Road and Death Canyon Trailhead Construction,18e0916e-0a41-4038-2cc3-08d4c7ad36e2,work-zone,"['Moose-Wilson Road', 'Death Canyon Road']",southbound,Construction projects underway. Moose-Wilson Road open between Granite Entrance and Moose June 19 - Sept. 7. Expect delays of 45 minutes or longer. Death Canyon Road and Trailhead closed. Taggart Trail detour in place. ,"[{'type_name': 'barrier-work'}, {'type_name': 'roadway-creation'}, {'type_name': 'surface-work'}]",,18e0916e-0a41-4038-2cc3-08d4c7ad36e2,Grand Teton,2025-05-29T18:18:11.021581Z,Grand Teton,grte_Superintendent@nps.gov,
2026-07-27,False,False,False,False,2026-07-23T06:00:00Z,2026-11-02T06:59:59Z,unknown,flagging,estimated,estimated,estimated,estimated,30c9197b-adca-6e72-34db-e3faafca2f11,7,Moose-Wilson Road and Death Canyon Trailhead Construction,18e0916e-0a41-4038-2cc3-08d4c7ad36e2,work-zone,"['Moose-Wilson Road', 'Death Canyon Road']",northbound,Construction projects underway. Moose-Wilson Road open between Granite Entrance and Moose June 19 - Sept. 7. Expect delays of 45 minutes or longer. Death Canyon Road and Trailhead closed. Taggart Trail detour in place. ,"[{'type_name': 'barrier-work'}, {'type_name': 'surface-work'}, {'type_name': 'roadway-creation'}]",,18e0916e-0a41-4038-2cc3-08d4c7ad36e2,Grand Teton,2025-05-29T18:18:11.021581Z,Grand Teton,grte_Superintendent@nps.gov,
2026-07-27,False,False,False,False,2025-11-28T08:00:00Z,2026-08-28T06:59:59Z,unknown,all-lanes-closed,estimated,estimated,estimated,estimated,3ed1d2d4-f059-ee09-12f9-10f1ac062c81,8,Hart Mine Road Closed.,40ce97b0-d798-4e6c-2d42-08d4c7ad36e2,incident,['Hart Mine Road '],northbound,Hart Mine Road Closed.,,,40ce97b0-d798-4e6c-2d42-08d4c7ad36e2,Mojave National Preserve,2024-01-16T16:49:30.901165Z,Mojave National Preserve,MOJA_Superintendent@nps.gov,150.0
2026-07-27,False,False,False,False,2026-04-16T07:00:00Z,2026-10-07T06:59:59Z,unknown,all-lanes-closed,estimated,estimated,estimated,estimated,683c9745-a641-0f25-919e-0b62690e1eb5,9,Hawk Creek Road Construction 2026,497ee9e3-e1c2-4307-2d19-08d4c7ad36e2,work-zone,['Hawk Creek Road'],westbound,"The Hawk Creek Campground and boat launch area will close to all public access starting April 16 through Oct. 6, with possible extension through Oct. 30 if needed.","[{'type_name': 'barrier-work'}, {'type_name': 'surface-work'}, {'type_name': 'painting'}]",,497ee9e3-e1c2-4307-2d19-08d4c7ad36e2,Lake Roosevelt,2026-04-02T21:33:38.045474Z,Lake Roosevelt,laro_Superintendent@nps.gov,
2026-07-27,False,False,False,False,2025-12-01T08:00:00Z,2027-01-02T07:59:59Z,unknown,all-lanes-closed,estimated,estimated,estimated,estimated,91bc9981-34ea-fc28-cc43-c7ecc3715405,10,SR165 Carbon River/Fairfax Bridge Closed,5678c152-a38a-4079-2d46-08d4c7ad36e2,work-zone,"['Carbon River Entrance', 'Mowich Lake Road']",westbound,"WSDOT has closed SR165 Carbon River Fairfax Bridge to all vehicles, pedestrian, & bicycle traffic until further notice. No access to Carbon River or Mowich Lake by road.","[{'type_name': 'roadway-relocation'}, {'type_name': 'below-road-work'}]",,5678c152-a38a-4079-2d46-08d4c7ad36e2,Mount Rainier,2024-10-16T15:05:57.881512Z,Mount Rainier,MORA_Superintendent@nps.gov,
2026-07-27,False,False,False,False,2025-12-01T08:00:00Z,2027-01-02T07:59:59Z,unknown,all-lanes-closed,estimated,estimated,estimated,estimated,bcfe8e38-d03a-b923-8cdb-099b8c0edbdd,11,SR165 Carbon River/Fairfax Bridge Closed,5678c152-a38a-4079-2d46-08d4c7ad36e2,work-zone,"['Carbon River Entrance', 'Mowich Lake Road']",eastbound,"WSDOT has closed SR165 Carbon River Fairfax Bridge to all vehicles, pedestrian, & bicycle traffic until further notice. No access to Carbon River or Mowich Lake by road.","[{'type_name': 'roadway-relocation'}, {'type_name': 'below-road-work'}]",,5678c152-a38a-4079-2d46-08d4c7ad36e2,Mount Rainier,2024-10-16T15:05:57.881512Z,Mount Rainier,MORA_Superintendent@nps.gov,
2026-07-27,False,False,False,False,2024-02-23T17:44:00Z,,unknown,all-lanes-closed,estimated,estimated,estimated,estimated,6e5e5803-7757-3992-a5d1-e3f9d6fd9430,12,South Woolum Road Closure,5ed0ce93-fb16-4f86-2c14-08d4c7ad36e2,incident,['South Woolum Road'],eastbound,Road conditions have deteriorated to hazardous conditions. Road closed until further notice.,,"[{'incident_category': 'special-event', 'incident_type': 'major', 'description': 'Road conditions have deteriorated to hazardous conditions. Road closed until further notice.'}]",5ed0ce93-fb16-4f86-2c14-08d4c7ad36e2,Buffalo National River,2024-02-12T16:18:05.933206Z,Buffalo National River,BUFF_Superintendent@nps.gov,
2026-07-27,False,False,False,False,2024-02-23T17:44:00Z,,unknown,all-lanes-closed,estimated,estimated,estimated,estimated,ec5212e8-c392-f241-ef6e-79275ccef898,13,South Woolum Road Closure,5ed0ce93-fb16-4f86-2c14-08d4c7ad36e2,incident,['South Woolum Road'],westbound,Road conditions have deteriorated to hazardous conditions. Road closed until further notice.,,"[{'incident_category': 'special-event', 'incident_type': 'major', 'description': 'Road conditions have deteriorated to hazardous conditions. Road closed until further notice.'}]",5ed0ce93-fb16-4f86-2c14-08d4c7ad36e2,Buffalo National River,2024-02-12T16:18:05.933206Z,Buffalo National River,BUFF_Superintendent@nps.gov,
2026-07-27,False,False,False,False,2026-07-20T06:00:00Z,2026-07-28T05:59:59Z,unknown,all-lanes-closed,estimated,estimated,estimated,estimated,1fb3cf17-b26b-c4c8-92f6-f2ff08567b69,14,Shafer Trail Road,73ea42e8-c0bd-45d0-2c22-08d4c7ad36e2,incident,['Shafer Trail Road'],southbound,Shafer Trail Road is temporarily closed due to flooding damage.,,"[{'incident_category': 'disaster', 'incident_type': 'flood-flash', 'description': 'Shafer Trail Road is temporarily closed due to flooding damage.'}]",73ea42e8-c0bd-45d0-2c22-08d4c7ad36e2,Canyonlands National Park,2023-11-29T21:06:06.348634Z,Canyonlands National Park,CANY_Superintendent@nps.gov,
2026-07-27,False,False,False,False,2026-07-20T06:00:00Z,2026-07-28T05:59:59Z,unknown,all-lanes-closed,estimated,estimated,estimated,estimated,b879765d-486f-4cc9-6528-505c49c5d1b3,15,Shafer Trail Road,73ea42e8-c0bd-45d0-2c22-08d4c7ad36e2,incident,['Shafer Trail Road'],northbound,Shafer Trail Road is temporarily closed due to flooding damage.,,"[{'incident_category': 'disaster', 'incident_type': 'flood-flash', 'description': 'Shafer Trail Road is temporarily closed due to flooding damage.'}]",73ea42e8-c0bd-45d0-2c22-08d4c7ad36e2,Canyonlands National Park,2023-11-29T21:06:06.348634Z,Canyonlands National Park,CANY_Superintendent@nps.gov,
2026-07-27,False,False,False,False,2021-01-01T15:28:00Z,2026-12-31T15:28:00Z,unknown,all-lanes-closed,estimated,estimated,estimated,estimated,b6d3e9fa-43a2-f39b-0ef0-3b4c1cd505c1,16,Akers Ferry Closure,8138990c-9d3f-4856-2d87-08d4c7ad36e2,work-zone,['State Highway K'],southbound,The Akers Ferry on State Highway K will be out of service until further notice.,,,8138990c-9d3f-4856-2d87-08d4c7ad36e2,Ozark National Scenic Riverways,2024-03-05T15:31:31.090197Z,Ozark National Scenic Riverways,OZAR_Superintendent@nps.gov,
2026-07-27,False,False,False,False,2021-01-01T15:28:00Z,2026-12-31T15:28:00Z,unknown,all-lanes-closed,estimated,estimated,estimated,estimated,f2ad30cc-ebc7-a070-50e5-a7289c8b79b3,17,Akers Ferry Closure,8138990c-9d3f-4856-2d87-08d4c7ad36e2,work-zone,['State Highway K'],northbound,The Akers Ferry on State Highway K will be out of service until further notice.,,,8138990c-9d3f-4856-2d87-08d4c7ad36e2,Ozark National Scenic Riverways,2024-03-05T15:31:31.090197Z,Ozark National Scenic Riverways,OZAR_Superintendent@nps.gov,
2026-07-27,False,False,False,False,2026-07-13T04:00:00Z,2026-07-28T03:59:59Z,unknown,all-lanes-closed,estimated,estimated,estimated,estimated,57fc95ae-5194-4a90-0a2f-072304b48d56,18,PennDOT Replacing Drainage Pipes on Route 252,81e919dc-3ed7-4cc9-2e0c-08d4c7ad36e2,work-zone,['Route 252 (Valley Creek Road)'],northbound,The PennDOT Drainage Crew is replacing eight drainage pipes along Route 252 between Route 23 and the covered bridge on Yellow Springs Road. Work is scheduled to resume on Monday July 13 and continue until completed.,[{'type_name': 'barrier-work'}],,81e919dc-3ed7-4cc9-2e0c-08d4c7ad36e2,Valley Forge National Historical Park,2024-01-21T21:50:37.90199Z,Valley Forge National Historical Park,VAFO_Superintendent@nps.gov,
2026-07-27,False,False,False,False,2026-07-13T04:00:00Z,2026-07-28T03:59:59Z,unknown,all-lanes-closed,estimated,estimated,estimated,estimated,8c3c7726-3926-81fd-c722-4f378e230375,19,PennDOT Replacing Drainage Pipes on Route 252,81e919dc-3ed7-4cc9-2e0c-08d4c7ad36e2,work-zone,['Route 252 (Valley Creek Road)'],southbound,The PennDOT Drainage Crew is replacing eight drainage pipes along Route 252 between Route 23 and the covered bridge on Yellow Springs Road. Work is scheduled to resume on Monday July 13 and continue until completed.,[{'type_name': 'barrier-work'}],,81e919dc-3ed7-4cc9-2e0c-08d4c7ad36e2,Valley Forge National Historical Park,2024-01-21T21:50:37.90199Z,Valley Forge National Historical Park,VAFO_Superintendent@nps.gov,
2026-07-27,False,False,False,False,2023-02-01T21:20:00Z,,unknown,all-lanes-closed,estimated,estimated,estimated,estimated,1e9c7870-4b22-c152-9dab-4cfdb275e5d6,20,Williams Ranch Road Closure,a44eadde-41ec-4499-2cc7-08d4c7ad36e2,incident,['Williams Ranch Rd.'],northbound,Road closed due to severe flood damage.,,"[{'incident_category': 'disaster', 'incident_type': 'flood-flash', 'description': 'Road closed due to severe flood damage.'}]",a44eadde-41ec-4499-2cc7-08d4c7ad36e2,Guadalupe Mountains National Park,2024-02-01T22:37:14.353738Z,Guadalupe Mountains National Park,GUMO_Superintendent@nps.gov,
2026-07-27,False,False,False,False,2023-02-01T21:20:00Z,,unknown,all-lanes-closed,estimated,estimated,estimated,estimated,52b4e687-6af4-f148-e060-3151c4696f46,21,Williams Ranch Road Closure,a44eadde-41ec-4499-2cc7-08d4c7ad36e2,incident,['Williams Ranch Rd.'],southbound,Road closed due to severe flood damage.,,"[{'incident_category': 'disaster', 'incident_type': 'flood-flash', 'description': 'Road closed due to severe flood damage.'}]",a44eadde-41ec-4499-2cc7-08d4c7ad36e2,Guadalupe Mountains National Park,2024-02-01T22:37:14.353738Z,Guadalupe Mountains National Park,GUMO_Superintendent@nps.gov,
2026-07-27,False,False,False,False,2026-01-01T05:00:00Z,2027-01-01T04:59:59Z,unknown,all-lanes-closed,estimated,estimated,estimated,estimated,13e22665-0a32-9033-b222-4231dc63d165,22,Park Headquarters Road Work,aa43d898-6fea-4d90-2cc1-08d4c7ad36e2,work-zone,['Park Headquarters Road '],northbound,Park Headquarters Road is closed due to rehabilitation work on the Sugarlands water and wastewater systems.,[{'type_name': 'barrier-work'}],,aa43d898-6fea-4d90-2cc1-08d4c7ad36e2,Great Smoky Mountains National Park,2024-02-08T16:39:15.518939Z,Great Smoky Mountains National Park,GRSM_Superintendent@nps.gov,
2026-07-27,False,False,False,False,2025-05-13T04:00:00Z,,unknown,all-lanes-closed,estimated,estimated,estimated,estimated,1805c926-a6a2-37a8-4377-4952c16afe44,23,Road Closed,aa43d898-6fea-4d90-2cc1-08d4c7ad36e2,incident,['Straight Fork and Balsam Mtn Road Closed'],southbound,Straight Fork and Balsam Mtn Road closed.,,"[{'incident_category': 'wind', 'incident_type': 'gusts', 'description': 'Straight Fork and Balsam Mtn Road closed.'}]",aa43d898-6fea-4d90-2cc1-08d4c7ad36e2,Great Smoky Mountains National Park,2024-02-08T16:39:15.518939Z,Great Smoky Mountains National Park,GRSM_Superintendent@nps.gov,
2026-07-27,False,False,False,False,2025-05-13T04:00:00Z,,unknown,all-lanes-closed,estimated,estimated,estimated,estimated,5de661d5-b2cc-8a39-4403-a4b314656192,24,Road Closed,aa43d898-6fea-4d90-2cc1-08d4c7ad36e2,incident,['Straight Fork and Balsam Mtn Road Closed'],southbound,Straight Fork and Balsam Mtn Road closed.,,"[{'incident_category': 'wind', 'incident_type': 'gusts', 'description': 'Straight Fork and Balsam Mtn Road closed.'}]",aa43d898-6fea-4d90-2cc1-08d4c7ad36e2,Great Smoky Mountains National Park,2024-02-08T16:39:15.518939Z,Great Smoky Mountains National Park,GRSM_Superintendent@nps.gov,
2026-07-27,False,False,False,False,2025-05-13T04:00:00Z,,unknown,all-lanes-closed,estimated,estimated,estimated,estimated,942ad454-70ab-e0af-981a-060fd002f978,25,Road Closed,aa43d898-6fea-4d90-2cc1-08d4c7ad36e2,incident,['Straight Fork and Balsam Mtn Road Closed'],northbound,Straight Fork and Balsam Mtn Road closed.,,"[{'incident_category': 'wind', 'incident_type': 'gusts', 'description': 'Straight Fork and Balsam Mtn Road closed.'}]",aa43d898-6fea-4d90-2cc1-08d4c7ad36e2,Great Smoky Mountains National Park,2024-02-08T16:39:15.518939Z,Great Smoky Mountains National Park,GRSM_Superintendent@nps.gov,
2026-07-27,False,False,False,False,2025-05-13T04:00:00Z,,unknown,all-lanes-closed,estimated,estimated,estimated,estimated,dde4a871-48c5-e295-1f0e-56b3f562738f,26,Road Closed,aa43d898-6fea-4d90-2cc1-08d4c7ad36e2,incident,['Straight Fork and Balsam Mtn Road Closed'],northbound,Straight Fork and Balsam Mtn Road closed.,,"[{'incident_category': 'wind', 'incident_type': 'gusts', 'description': 'Straight Fork and Balsam Mtn Road closed.'}]",aa43d898-6fea-4d90-2cc1-08d4c7ad36e2,Great Smoky Mountains National Park,2024-02-08T16:39:15.518939Z,Great Smoky Mountains National Park,GRSM_Superintendent@nps.gov,
2026-07-27,False,False,False,False,2026-07-23T04:00:00Z,2026-07-28T03:59:59Z,unknown,all-lanes-closed,estimated,estimated,estimated,estimated,0a03da1d-a299-aac9-6d63-2b6a2a3defdd,27,Weather Related Road Closures,aa43d898-6fea-4d90-2cc1-08d4c7ad36e2,incident,['Parson Branch Road'],southbound,Parson Branch Road is closed due to high water. ,,,aa43d898-6fea-4d90-2cc1-08d4c7ad36e2,Great Smoky Mountains National Park,2024-02-08T16:39:15.518939Z,Great Smoky Mountains National Park,GRSM_Superintendent@nps.gov,
2026-07-27,False,False,False,False,2026-07-23T04:00:00Z,2026-07-28T03:59:59Z,unknown,all-lanes-closed,estimated,estimated,estimated,estimated,2a66e1de-498f-2b8c-6bab-843375124dba,28,Weather Related Road Closures,aa43d898-6fea-4d90-2cc1-08d4c7ad36e2,incident,['Parson Branch Road'],northbound,Parson Branch Road is closed due to high water. ,,,aa43d898-6fea-4d90-2cc1-08d4c7ad36e2,Great Smoky Mountains National Park,2024-02-08T16:39:15.518939Z,Great Smoky Mountains National Park,GRSM_Superintendent@nps.gov,
2026-07-27,False,False,False,False,2026-07-23T04:00:00Z,2026-07-28T03:59:59Z,unknown,all-lanes-closed,estimated,estimated,estimated,estimated,6c57a613-a81b-c7c1-492f-d97643e64bec,29,Weather Related Road Closures,aa43d898-6fea-4d90-2cc1-08d4c7ad36e2,incident,['Parson Branch Road'],eastbound,Parson Branch Road is closed due to high water. ,,,aa43d898-6fea-4d90-2cc1-08d4c7ad36e2,Great Smoky Mountains National Park,2024-02-08T16:39:15.518939Z,Great Smoky Mountains National Park,GRSM_Superintendent@nps.gov,
2026-07-27,False,False,False,False,2026-07-23T04:00:00Z,2026-07-28T03:59:59Z,unknown,all-lanes-closed,estimated,estimated,estimated,estimated,e33a3594-17af-a14e-3606-e4f4a01730ed,30,Weather Related Road Closures,aa43d898-6fea-4d90-2cc1-08d4c7ad36e2,incident,['Parson Branch Road'],westbound,Parson Branch Road is closed due to high water. ,,,aa43d898-6fea-4d90-2cc1-08d4c7ad36e2,Great Smoky Mountains National Park,2024-02-08T16:39:15.518939Z,Great Smoky Mountains National Park,GRSM_Superintendent@nps.gov,
2026-07-27,False,False,False,False,2026-04-01T06:00:00Z,2026-11-01T05:59:59Z,unknown,alternating-one-way,estimated,estimated,estimated,estimated,36856bd9-bccd-34b6-452c-4384c3dc9277,31,Traffic Delays - Gardner River High Bridge,aff55cd7-4a32-46dd-2e35-08d4c7ad36e2,work-zone,[],westbound,"Expect a single lane of traffic with up to 15-minute delays, 24 hours a day, seven days a week, from April 1 through late October 2026. No oversized/overweight vehicles (8'6""+ wide, 75'+ long, 80,000 lbs+ gross vehicle weight) will be able to cross.",[{'type_name': 'barrier-work'}],,aff55cd7-4a32-46dd-2e35-08d4c7ad36e2,Yellowstone National Park,2023-07-11T16:58:05.597353Z,Yellowstone National Park,YELL_Superintendent@nps.gov,
2026-07-27,False,False,False,False,2026-04-01T06:00:00Z,2026-11-01T05:59:59Z,unknown,alternating-one-way,estimated,estimated,estimated,estimated,f15141d8-695c-ef76-0e74-804b56bba982,32,Traffic Delays - Gardner River High Bridge,aff55cd7-4a32-46dd-2e35-08d4c7ad36e2,work-zone,[],eastbound,"Expect a single lane of traffic with up to 15-minute delays, 24 hours a day, seven days a week, from April 1 through late October 2026. No oversized/overweight vehicles (8'6""+ wide, 75'+ long, 80,000 lbs+ gross vehicle weight) will be able to cross.",[{'type_name': 'barrier-work'}],,aff55cd7-4a32-46dd-2e35-08d4c7ad36e2,Yellowstone National Park,2023-07-11T16:58:05.597353Z,Yellowstone National Park,YELL_Superintendent@nps.gov,
2026-07-27,False,False,False,False,2026-04-06T04:00:00Z,,unknown,all-lanes-closed,estimated,estimated,estimated,estimated,19dc202e-1b68-e3d6-45b1-ccfa6668250b,33,Old Mine Road Between Jager Road and Route 206,c8a6b124-d7a0-49fd-2c61-08d4c7ad36e2,work-zone,['Old Mine Road'],northbound,"Old Mine Road between Jager Road and Route 206 will close to all traffic beginning on April 6, 2026.

Contractors will work to rehabilitate a 3.5-mile stretch of road. The construction area will be closed to all traffic for the safety of park visitor",[{'type_name': 'surface-work'}],,c8a6b124-d7a0-49fd-2c61-08d4c7ad36e2,Delaware Water Gap,2025-05-13T16:22:17.178633Z,Delaware Water Gap,dewa_Superintendent@nps.gov,
2026-07-27,False,False,False,False,2026-04-06T04:00:00Z,,unknown,all-lanes-closed,estimated,estimated,estimated,estimated,60d49c1d-113a-692f-21ac-40443b5ad6c6,34,Old Mine Road Between Jager Road and Route 206,c8a6b124-d7a0-49fd-2c61-08d4c7ad36e2,work-zone,['Old Mine Road'],southbound,"Old Mine Road between Jager Road and Route 206 will close to all traffic beginning on April 6, 2026.

Contractors will work to rehabilitate a 3.5-mile stretch of road. The construction area will be closed to all traffic for the safety of park visitor",[{'type_name': 'surface-work'}],,c8a6b124-d7a0-49fd-2c61-08d4c7ad36e2,Delaware Water Gap,2025-05-13T16:22:17.178633Z,Delaware Water Gap,dewa_Superintendent@nps.gov,
2026-07-27,False,False,False,False,2026-04-06T04:00:00Z,,unknown,all-lanes-closed,estimated,estimated,estimated,estimated,958539cb-e2f7-47a4-fd7c-4e18a71d3d8f,35,Old Mine Road Between Jager Road and Route 206,c8a6b124-d7a0-49fd-2c61-08d4c7ad36e2,work-zone,['Old Mine Road'],northbound,"Old Mine Road between Jager Road and Route 206 will close to all traffic beginning on April 6, 2026.

Contractors will work to rehabilitate a 3.5-mile stretch of road. The construction area will be closed to all traffic for the safety of park visitor",[{'type_name': 'surface-work'}],,c8a6b124-d7a0-49fd-2c61-08d4c7ad36e2,Delaware Water Gap,2025-05-13T16:22:17.178633Z,Delaware Water Gap,dewa_Superintendent@nps.gov,
2026-07-27,False,False,False,False,2026-04-06T04:00:00Z,,unknown,all-lanes-closed,estimated,estimated,estimated,estimated,afdfbc12-4d9d-49bc-d9a0-97ff77899714,36,Old Mine Road Between Jager Road and Route 206,c8a6b124-d7a0-49fd-2c61-08d4c7ad36e2,work-zone,['Old Mine Road'],southbound,"Old Mine Road between Jager Road and Route 206 will close to all traffic beginning on April 6, 2026.

Contractors will work to rehabilitate a 3.5-mile stretch of road. The construction area will be closed to all traffic for the safety of park visitor",[{'type_name': 'surface-work'}],,c8a6b124-d7a0-49fd-2c61-08d4c7ad36e2,Delaware Water Gap,2025-05-13T16:22:17.178633Z,Delaware Water Gap,dewa_Superintendent@nps.gov,
2026-07-27,False,False,False,False,2023-05-31T16:48:00Z,,unknown,all-lanes-closed,estimated,estimated,estimated,estimated,2557b97e-0b25-60f2-ef89-5d36d21c2cd3,37,Road Closures in New Jersey,c8a6b124-d7a0-49fd-2c61-08d4c7ad36e2,incident,['Main Street and Route 615'],westbound,"The bridge on Main Street in Walpack Center is closed indefinitely due to structural damage from a vehicle collision.

Route 615 is closed in Flatbrookville due to landslide and active slope failure.",,"[{'incident_category': 'crash', 'incident_type': 'crash', 'description': 'The bridge on Main Street in Walpack Center is closed indefinitely due to structural damage from a vehicle collision.\n\nRoute 615 is closed in Flatbrookville due to landslide and active slope failure.'}]",c8a6b124-d7a0-49fd-2c61-08d4c7ad36e2,Delaware Water Gap,2025-05-13T16:22:17.178633Z,Delaware Water Gap,dewa_Superintendent@nps.gov,
2026-07-27,False,False,False,False,2023-05-31T16:48:00Z,,unknown,all-lanes-closed,estimated,estimated,estimated,estimated,40b38990-9031-2434-e690-9ae6bfa6305f,38,Road Closures in New Jersey,c8a6b124-d7a0-49fd-2c61-08d4c7ad36e2,incident,['Main Street and Route 615'],eastbound,"The bridge on Main Street in Walpack Center is closed indefinitely due to structural damage from a vehicle collision.

Route 615 is closed in Flatbrookville due to landslide and active slope failure.",,"[{'incident_category': 'crash', 'incident_type': 'crash', 'description': 'The bridge on Main Street in Walpack Center is closed indefinitely due to structural damage from a vehicle collision.\n\nRoute 615 is closed in Flatbrookville due to landslide and active slope failure.'}]",c8a6b124-d7a0-49fd-2c61-08d4c7ad36e2,Delaware Water Gap,2025-05-13T16:22:17.178633Z,Delaware Water Gap,dewa_Superintendent@nps.gov,
2026-07-27,False,False,False,False,2023-05-31T16:48:00Z,,unknown,all-lanes-closed,estimated,estimated,estimated,estimated,6f0d0310-5e5f-4a79-abd6-1a8965229884,39,Road Closures in New Jersey,c8a6b124-d7a0-49fd-2c61-08d4c7ad36e2,incident,['Main Street and Route 615'],eastbound,"The bridge on Main Street in Walpack Center is closed indefinitely due to structural damage from a vehicle collision.

Route 615 is closed in Flatbrookville due to landslide and active slope failure.",,"[{'incident_category': 'crash', 'incident_type': 'crash', 'description': 'The bridge on Main Street in Walpack Center is closed indefinitely due to structural damage from a vehicle collision.\n\nRoute 615 is closed in Flatbrookville due to landslide and active slope failure.'}]",c8a6b124-d7a0-49fd-2c61-08d4c7ad36e2,Delaware Water Gap,2025-05-13T16:22:17.178633Z,Delaware Water Gap,dewa_Superintendent@nps.gov,
2026-07-27,False,False,False,False,2023-05-31T16:48:00Z,,unknown,all-lanes-closed,estimated,estimated,estimated,estimated,7ac6b430-112e-b795-94b0-bba542dbecdb,40,Road Closures in New Jersey,c8a6b124-d7a0-49fd-2c61-08d4c7ad36e2,incident,['Main Street and Route 615'],westbound,"The bridge on Main Street in Walpack Center is closed indefinitely due to structural damage from a vehicle collision.

Route 615 is closed in Flatbrookville due to landslide and active slope failure.",,"[{'incident_category': 'crash', 'incident_type': 'crash', 'description': 'The bridge on Main Street in Walpack Center is closed indefinitely due to structural damage from a vehicle collision.\n\nRoute 615 is closed in Flatbrookville due to landslide and active slope failure.'}]",c8a6b124-d7a0-49fd-2c61-08d4c7ad36e2,Delaware Water Gap,2025-05-13T16:22:17.178633Z,Delaware Water Gap,dewa_Superintendent@nps.gov,
2026-07-27,False,False,False,False,2025-06-09T05:00:00Z,2027-06-01T04:59:59Z,unknown,all-lanes-closed,estimated,estimated,estimated,estimated,9064559c-8d59-61b2-d79d-d134232b93e3,41,Road Construction,c96651fe-ac5b-4213-2d51-08d4c7ad36e2,work-zone,"['Milepost 440-437', 'Milepost 180-165']",northbound,Multiple road construction projects are ongoing. Please visit Road and Site Status for the most up-to-date information.,[{'type_name': 'surface-work'}],,c96651fe-ac5b-4213-2d51-08d4c7ad36e2,Natchez Trace Parkway,2023-09-29T20:47:00.560891Z,Natchez Trace Parkway,NATR_Superintendent@nps.gov,
2026-07-27,False,False,False,False,2025-06-09T05:00:00Z,2027-06-01T04:59:59Z,unknown,all-lanes-closed,estimated,estimated,estimated,estimated,9862faf3-d927-7f71-d9ac-bd30b8e2f9bf,42,Road Construction,c96651fe-ac5b-4213-2d51-08d4c7ad36e2,work-zone,"['Milepost 440-437', 'Milepost 180-165']",southbound,Multiple road construction projects are ongoing. Please visit Road and Site Status for the most up-to-date information.,[{'type_name': 'surface-work'}],,c96651fe-ac5b-4213-2d51-08d4c7ad36e2,Natchez Trace Parkway,2023-09-29T20:47:00.560891Z,Natchez Trace Parkway,NATR_Superintendent@nps.gov,
2026-07-27,False,False,False,False,2025-06-09T05:00:00Z,2027-06-01T04:59:59Z,unknown,all-lanes-closed,estimated,estimated,estimated,estimated,bc80db9a-6943-7e30-c09f-190017ce216a,43,Road Construction,c96651fe-ac5b-4213-2d51-08d4c7ad36e2,work-zone,"['Milepost 440-437', 'Milepost 180-165']",northbound,Multiple road construction projects are ongoing. Please visit Road and Site Status for the most up-to-date information.,[{'type_name': 'surface-work'}],,c96651fe-ac5b-4213-2d51-08d4c7ad36e2,Natchez Trace Parkway,2023-09-29T20:47:00.560891Z,Natchez Trace Parkway,NATR_Superintendent@nps.gov,
2026-07-27,False,False,False,False,2025-06-09T05:00:00Z,2027-06-01T04:59:59Z,unknown,all-lanes-closed,estimated,estimated,estimated,estimated,f23637ed-7bab-6ae9-10f9-44e1009dd29a,44,Road Construction,c96651fe-ac5b-4213-2d51-08d4c7ad36e2,work-zone,"['Milepost 440-437', 'Milepost 180-165']",southbound,Multiple road construction projects are ongoing. Please visit Road and Site Status for the most up-to-date information.,[{'type_name': 'surface-work'}],,c96651fe-ac5b-4213-2d51-08d4c7ad36e2,Natchez Trace Parkway,2023-09-29T20:47:00.560891Z,Natchez Trace Parkway,NATR_Superintendent@nps.gov,
2026-07-27,False,False,False,False,2025-11-03T08:00:00Z,2027-01-01T07:59:59Z,unknown,some-lanes-closed,estimated,estimated,estimated,estimated,59895d96-8d84-59af-2ad5-234b90d02a3f,45,Parking Closure of Fort Mason Lots Until December 2026,e066984a-abca-48aa-2cb4-08d4c7ad36e2,work-zone,['Fort Mason Parking Lots'],southbound,Roads and parking areas closed at upper Fort Mason during utilities and seismic retrofit projects. Lots will be fenced and used as staging areas for projects occurring through December 2026.,[{'type_name': 'maintenance'}],,e066984a-abca-48aa-2cb4-08d4c7ad36e2,Golden Gate National Recreation Area,2023-09-27T19:51:56.587548Z,Golden Gate National Recreation Area,GOGA_Superintendent@nps.gov,
2026-07-27,False,False,False,False,2025-11-03T08:00:00Z,2027-01-01T07:59:59Z,unknown,some-lanes-closed,estimated,estimated,estimated,estimated,8cc0a528-10af-17c3-ddde-5a34803908d4,46,Parking Closure of Fort Mason Lots Until December 2026,e066984a-abca-48aa-2cb4-08d4c7ad36e2,work-zone,['Fort Mason Parking Lots'],eastbound,Roads and parking areas closed at upper Fort Mason during utilities and seismic retrofit projects. Lots will be fenced and used as staging areas for projects occurring through December 2026.,[{'type_name': 'maintenance'}],,e066984a-abca-48aa-2cb4-08d4c7ad36e2,Golden Gate National Recreation Area,2023-09-27T19:51:56.587548Z,Golden Gate National Recreation Area,GOGA_Superintendent@nps.gov,
2026-07-27,False,False,False,False,2025-11-03T08:00:00Z,2027-01-01T07:59:59Z,unknown,some-lanes-closed,estimated,estimated,estimated,estimated,af600cf8-bd43-e119-8672-c0853169fc2b,47,Parking Closure of Fort Mason Lots Until December 2026,e066984a-abca-48aa-2cb4-08d4c7ad36e2,work-zone,['Fort Mason Parking Lots'],northbound,Roads and parking areas closed at upper Fort Mason during utilities and seismic retrofit projects. Lots will be fenced and used as staging areas for projects occurring through December 2026.,[{'type_name': 'maintenance'}],,e066984a-abca-48aa-2cb4-08d4c7ad36e2,Golden Gate National Recreation Area,2023-09-27T19:51:56.587548Z,Golden Gate National Recreation Area,GOGA_Superintendent@nps.gov,
2026-07-27,False,False,False,False,2025-11-03T08:00:00Z,2027-01-01T07:59:59Z,unknown,some-lanes-closed,estimated,estimated,estimated,estimated,c6b1337b-a315-7c21-02e9-c999bb0ba27b,48,Parking Closure of Fort Mason Lots Until December 2026,e066984a-abca-48aa-2cb4-08d4c7ad36e2,work-zone,['Fort Mason Parking Lots'],westbound,Roads and parking areas closed at upper Fort Mason during utilities and seismic retrofit projects. Lots will be fenced and used as staging areas for projects occurring through December 2026.,[{'type_name': 'maintenance'}],,e066984a-abca-48aa-2cb4-08d4c7ad36e2,Golden Gate National Recreation Area,2023-09-27T19:51:56.587548Z,Golden Gate National Recreation Area,GOGA_Superintendent@nps.gov,
2026-07-27,False,False,False,False,2026-07-22T07:00:00Z,2026-07-27T06:59:59Z,unknown,all-lanes-closed,estimated,estimated,estimated,estimated,228c3492-b57c-0b7c-9d97-2d61961e90dc,49,"Temporary Road Closures for San Francisco Marathon July 26, 2026",e066984a-abca-48aa-2cb4-08d4c7ad36e2,incident,"['Embarcadero', 'Marina Blvd', 'Mason St', 'Long Ave', 'Alexander Ave', 'East Road', '']",southbound,"SF Marathon will result in parking lot closures, road closures, and detours from 1am to 1pm in San Francisco, on Golden Gate Bridge, and at Fort Mason, Crissy Field, Fort Point, Fort Baker, Lincoln Avenue on Presidio, and other city streets.",,"[{'incident_category': 'special-event', 'incident_type': 'running-race', 'description': 'SF Marathon will result in parking lot closures, road closures, and detours from 1am to 1pm in San Francisco, on Golden Gate Bridge, and at Fort Mason, Crissy Field, Fort Point, Fort Baker, Lincoln Avenue on Presidio, and other city streets.'}]",e066984a-abca-48aa-2cb4-08d4c7ad36e2,Golden Gate National Recreation Area,2023-09-27T19:51:56.587548Z,Golden Gate National Recreation Area,GOGA_Superintendent@nps.gov,
2026-07-27,False,False,False,False,2026-07-22T07:00:00Z,2026-07-27T06:59:59Z,unknown,all-lanes-closed,estimated,estimated,estimated,estimated,24967276-190a-8fa3-01e6-962ef1284bd0,50,"Temporary Road Closures for San Francisco Marathon July 26, 2026",e066984a-abca-48aa-2cb4-08d4c7ad36e2,incident,"['Embarcadero', 'Marina Blvd', 'Mason St', 'Long Ave', 'Alexander Ave', 'East Road', '']",northbound,"SF Marathon will result in parking lot closures, road closures, and detours from 1am to 1pm in San Francisco, on Golden Gate Bridge, and at Fort Mason, Crissy Field, Fort Point, Fort Baker, Lincoln Avenue on Presidio, and other city streets.",,"[{'incident_category': 'special-event', 'incident_type': 'running-race', 'description': 'SF Marathon will result in parking lot closures, road closures, and detours from 1am to 1pm in San Francisco, on Golden Gate Bridge, and at Fort Mason, Crissy Field, Fort Point, Fort Baker, Lincoln Avenue on Presidio, and other city streets.'}]",e066984a-abca-48aa-2cb4-08d4c7ad36e2,Golden Gate National Recreation Area,2023-09-27T19:51:56.587548Z,Golden Gate National Recreation Area,GOGA_Superintendent@nps.gov,
2026-07-27,False,False,False,False,2026-07-22T07:00:00Z,2026-07-27T06:59:59Z,unknown,all-lanes-closed,estimated,estimated,estimated,estimated,2d25808f-47a9-720f-0b12-6e486611d8d6,51,"Temporary Road Closures for San Francisco Marathon July 26, 2026",e066984a-abca-48aa-2cb4-08d4c7ad36e2,incident,"['Embarcadero', 'Marina Blvd', 'Mason St', 'Long Ave', 'Alexander Ave', 'East Road', '']",northbound,"SF Marathon will result in parking lot closures, road closures, and detours from 1am to 1pm in San Francisco, on Golden Gate Bridge, and at Fort Mason, Crissy Field, Fort Point, Fort Baker, Lincoln Avenue on Presidio, and other city streets.",,"[{'incident_category': 'special-event', 'incident_type': 'running-race', 'description': 'SF Marathon will result in parking lot closures, road closures, and detours from 1am to 1pm in San Francisco, on Golden Gate Bridge, and at Fort Mason, Crissy Field, Fort Point, Fort Baker, Lincoln Avenue on Presidio, and other city streets.'}]",e066984a-abca-48aa-2cb4-08d4c7ad36e2,Golden Gate National Recreation Area,2023-09-27T19:51:56.587548Z,Golden Gate National Recreation Area,GOGA_Superintendent@nps.gov,
2026-07-27,False,False,False,False,2026-07-22T07:00:00Z,2026-07-27T06:59:59Z,unknown,all-lanes-closed,estimated,estimated,estimated,estimated,3521e764-6527-266d-7adb-86629c1c6473,52,"Temporary Road Closures for San Francisco Marathon July 26, 2026",e066984a-abca-48aa-2cb4-08d4c7ad36e2,incident,"['Embarcadero', 'Marina Blvd', 'Mason St', 'Long Ave', 'Alexander Ave', 'East Road', '']",southbound,"SF Marathon will result in parking lot closures, road closures, and detours from 1am to 1pm in San Francisco, on Golden Gate Bridge, and at Fort Mason, Crissy Field, Fort Point, Fort Baker, Lincoln Avenue on Presidio, and other city streets.",,"[{'incident_category': 'special-event', 'incident_type': 'running-race', 'description': 'SF Marathon will result in parking lot closures, road closures, and detours from 1am to 1pm in San Francisco, on Golden Gate Bridge, and at Fort Mason, Crissy Field, Fort Point, Fort Baker, Lincoln Avenue on Presidio, and other city streets.'}]",e066984a-abca-48aa-2cb4-08d4c7ad36e2,Golden Gate National Recreation Area,2023-09-27T19:51:56.587548Z,Golden Gate National Recreation Area,GOGA_Superintendent@nps.gov,
2026-07-27,False,False,False,False,2026-07-22T07:00:00Z,2026-07-27T06:59:59Z,unknown,all-lanes-closed,estimated,estimated,estimated,estimated,355b7ab4-dd77-0950-211f-8091b3f7a802,53,"Temporary Road Closures for San Francisco Marathon July 26, 2026",e066984a-abca-48aa-2cb4-08d4c7ad36e2,incident,"['Embarcadero', 'Marina Blvd', 'Mason St', 'Long Ave', 'Alexander Ave', 'East Road', '']",southbound,"SF Marathon will result in parking lot closures, road closures, and detours from 1am to 1pm in San Francisco, on Golden Gate Bridge, and at Fort Mason, Crissy Field, Fort Point, Fort Baker, Lincoln Avenue on Presidio, and other city streets.",,"[{'incident_category': 'special-event', 'incident_type': 'running-race', 'description': 'SF Marathon will result in parking lot closures, road closures, and detours from 1am to 1pm in San Francisco, on Golden Gate Bridge, and at Fort Mason, Crissy Field, Fort Point, Fort Baker, Lincoln Avenue on Presidio, and other city streets.'}]",e066984a-abca-48aa-2cb4-08d4c7ad36e2,Golden Gate National Recreation Area,2023-09-27T19:51:56.587548Z,Golden Gate National Recreation Area,GOGA_Superintendent@nps.gov,
2026-07-27,False,False,False,False,2026-07-22T07:00:00Z,2026-07-27T06:59:59Z,unknown,all-lanes-closed,estimated,estimated,estimated,estimated,36497896-f2d7-3e5f-cc5c-4f4a63540d5b,54,"Temporary Road Closures for San Francisco Marathon July 26, 2026",e066984a-abca-48aa-2cb4-08d4c7ad36e2,incident,"['Embarcadero', 'Marina Blvd', 'Mason St', 'Long Ave', 'Alexander Ave', 'East Road', '']",westbound,"SF Marathon will result in parking lot closures, road closures, and detours from 1am to 1pm in San Francisco, on Golden Gate Bridge, and at Fort Mason, Crissy Field, Fort Point, Fort Baker, Lincoln Avenue on Presidio, and other city streets.",,"[{'incident_category': 'special-event', 'incident_type': 'running-race', 'description': 'SF Marathon will result in parking lot closures, road closures, and detours from 1am to 1pm in San Francisco, on Golden Gate Bridge, and at Fort Mason, Crissy Field, Fort Point, Fort Baker, Lincoln Avenue on Presidio, and other city streets.'}]",e066984a-abca-48aa-2cb4-08d4c7ad36e2,Golden Gate National Recreation Area,2023-09-27T19:51:56.587548Z,Golden Gate National Recreation Area,GOGA_Superintendent@nps.gov,
2026-07-27,False,False,False,False,2026-07-22T07:00:00Z,2026-07-27T06:59:59Z,unknown,all-lanes-closed,estimated,estimated,estimated,estimated,3db036af-dddf-7342-ef98-5b79208ce370,55,"Temporary Road Closures for San Francisco Marathon July 26, 2026",e066984a-abca-48aa-2cb4-08d4c7ad36e2,incident,"['Embarcadero', 'Marina Blvd', 'Mason St', 'Long Ave', 'Alexander Ave', 'East Road', '']",southbound,"SF Marathon will result in parking lot closures, road closures, and detours from 1am to 1pm in San Francisco, on Golden Gate Bridge, and at Fort Mason, Crissy Field, Fort Point, Fort Baker, Lincoln Avenue on Presidio, and other city streets.",,"[{'incident_category': 'special-event', 'incident_type': 'running-race', 'description': 'SF Marathon will result in parking lot closures, road closures, and detours from 1am to 1pm in San Francisco, on Golden Gate Bridge, and at Fort Mason, Crissy Field, Fort Point, Fort Baker, Lincoln Avenue on Presidio, and other city streets.'}]",e066984a-abca-48aa-2cb4-08d4c7ad36e2,Golden Gate National Recreation Area,2023-09-27T19:51:56.587548Z,Golden Gate National Recreation Area,GOGA_Superintendent@nps.gov,
2026-07-27,False,False,False,False,2026-07-22T07:00:00Z,2026-07-27T06:59:59Z,unknown,all-lanes-closed,estimated,estimated,estimated,estimated,3e636ef0-441b-b70f-0fc9-467cf3372c12,56,"Temporary Road Closures for San Francisco Marathon July 26, 2026",e066984a-abca-48aa-2cb4-08d4c7ad36e2,incident,"['Embarcadero', 'Marina Blvd', 'Mason St', 'Long Ave', 'Alexander Ave', 'East Road', '']",northbound,"SF Marathon will result in parking lot closures, road closures, and detours from 1am to 1pm in San Francisco, on Golden Gate Bridge, and at Fort Mason, Crissy Field, Fort Point, Fort Baker, Lincoln Avenue on Presidio, and other city streets.",,"[{'incident_category': 'special-event', 'incident_type': 'running-race', 'description': 'SF Marathon will result in parking lot closures, road closures, and detours from 1am to 1pm in San Francisco, on Golden Gate Bridge, and at Fort Mason, Crissy Field, Fort Point, Fort Baker, Lincoln Avenue on Presidio, and other city streets.'}]",e066984a-abca-48aa-2cb4-08d4c7ad36e2,Golden Gate National Recreation Area,2023-09-27T19:51:56.587548Z,Golden Gate National Recreation Area,GOGA_Superintendent@nps.gov,
2026-07-27,False,False,False,False,2026-07-22T07:00:00Z,2026-07-27T06:59:59Z,unknown,all-lanes-closed,estimated,estimated,estimated,estimated,3e79b118-0c8b-4562-2a3f-381805460bdd,57,"Temporary Road Closures for San Francisco Marathon July 26, 2026",e066984a-abca-48aa-2cb4-08d4c7ad36e2,incident,"['Embarcadero', 'Marina Blvd', 'Mason St', 'Long Ave', 'Alexander Ave', 'East Road', '']",southbound,"SF Marathon will result in parking lot closures, road closures, and detours from 1am to 1pm in San Francisco, on Golden Gate Bridge, and at Fort Mason, Crissy Field, Fort Point, Fort Baker, Lincoln Avenue on Presidio, and other city streets.",,"[{'incident_category': 'special-event', 'incident_type': 'running-race', 'description': 'SF Marathon will result in parking lot closures, road closures, and detours from 1am to 1pm in San Francisco, on Golden Gate Bridge, and at Fort Mason, Crissy Field, Fort Point, Fort Baker, Lincoln Avenue on Presidio, and other city streets.'}]",e066984a-abca-48aa-2cb4-08d4c7ad36e2,Golden Gate National Recreation Area,2023-09-27T19:51:56.587548Z,Golden Gate National Recreation Area,GOGA_Superintendent@nps.gov,
2026-07-27,False,False,False,False,2026-07-22T07:00:00Z,2026-07-27T06:59:59Z,unknown,all-lanes-closed,estimated,estimated,estimated,estimated,3f7a7227-109f-55fc-5fb7-adab236bfc6a,58,"Temporary Road Closures for San Francisco Marathon July 26, 2026",e066984a-abca-48aa-2cb4-08d4c7ad36e2,incident,"['Embarcadero', 'Marina Blvd', 'Mason St', 'Long Ave', 'Alexander Ave', 'East Road', '']",westbound,"SF Marathon will result in parking lot closures, road closures, and detours from 1am to 1pm in San Francisco, on Golden Gate Bridge, and at Fort Mason, Crissy Field, Fort Point, Fort Baker, Lincoln Avenue on Presidio, and other city streets.",,"[{'incident_category': 'special-event', 'incident_type': 'running-race', 'description': 'SF Marathon will result in parking lot closures, road closures, and detours from 1am to 1pm in San Francisco, on Golden Gate Bridge, and at Fort Mason, Crissy Field, Fort Point, Fort Baker, Lincoln Avenue on Presidio, and other city streets.'}]",e066984a-abca-48aa-2cb4-08d4c7ad36e2,Golden Gate National Recreation Area,2023-09-27T19:51:56.587548Z,Golden Gate National Recreation Area,GOGA_Superintendent@nps.gov,
2026-07-27,False,False,False,False,2026-07-22T07:00:00Z,2026-07-27T06:59:59Z,unknown,all-lanes-closed,estimated,estimated,estimated,estimated,504d0974-1afe-e6de-4bd2-7c844506171e,59,"Temporary Road Closures for San Francisco Marathon July 26, 2026",e066984a-abca-48aa-2cb4-08d4c7ad36e2,incident,"['Embarcadero', 'Marina Blvd', 'Mason St', 'Long Ave', 'Alexander Ave', 'East Road', '']",westbound,"SF Marathon will result in parking lot closures, road closures, and detours from 1am to 1pm in San Francisco, on Golden Gate Bridge, and at Fort Mason, Crissy Field, Fort Point, Fort Baker, Lincoln Avenue on Presidio, and other city streets.",,"[{'incident_category': 'special-event', 'incident_type': 'running-race', 'description': 'SF Marathon will result in parking lot closures, road closures, and detours from 1am to 1pm in San Francisco, on Golden Gate Bridge, and at Fort Mason, Crissy Field, Fort Point, Fort Baker, Lincoln Avenue on Presidio, and other city streets.'}]",e066984a-abca-48aa-2cb4-08d4c7ad36e2,Golden Gate National Recreation Area,2023-09-27T19:51:56.587548Z,Golden Gate National Recreation Area,GOGA_Superintendent@nps.gov,
2026-07-27,False,False,False,False,2026-07-22T07:00:00Z,2026-07-27T06:59:59Z,unknown,all-lanes-closed,estimated,estimated,estimated,estimated,59021f25-9a63-ef95-49bc-c5fcf28d4bb1,60,"Temporary Road Closures for San Francisco Marathon July 26, 2026",e066984a-abca-48aa-2cb4-08d4c7ad36e2,incident,"['Embarcadero', 'Marina Blvd', 'Mason St', 'Long Ave', 'Alexander Ave', 'East Road', '']",eastbound,"SF Marathon will result in parking lot closures, road closures, and detours from 1am to 1pm in San Francisco, on Golden Gate Bridge, and at Fort Mason, Crissy Field, Fort Point, Fort Baker, Lincoln Avenue on Presidio, and other city streets.",,"[{'incident_category': 'special-event', 'incident_type': 'running-race', 'description': 'SF Marathon will result in parking lot closures, road closures, and detours from 1am to 1pm in San Francisco, on Golden Gate Bridge, and at Fort Mason, Crissy Field, Fort Point, Fort Baker, Lincoln Avenue on Presidio, and other city streets.'}]",e066984a-abca-48aa-2cb4-08d4c7ad36e2,Golden Gate National Recreation Area,2023-09-27T19:51:56.587548Z,Golden Gate National Recreation Area,GOGA_Superintendent@nps.gov,
2026-07-27,False,False,False,False,2026-07-22T07:00:00Z,2026-07-27T06:59:59Z,unknown,all-lanes-closed,estimated,estimated,estimated,estimated,5bef25d6-a928-d1ae-99bc-8b0fbd74fb80,61,"Temporary Road Closures for San Francisco Marathon July 26, 2026",e066984a-abca-48aa-2cb4-08d4c7ad36e2,incident,"['Embarcadero', 'Marina Blvd', 'Mason St', 'Long Ave', 'Alexander Ave', 'East Road', '']",northbound,"SF Marathon will result in parking lot closures, road closures, and detours from 1am to 1pm in San Francisco, on Golden Gate Bridge, and at Fort Mason, Crissy Field, Fort Point, Fort Baker, Lincoln Avenue on Presidio, and other city streets.",,"[{'incident_category': 'special-event', 'incident_type': 'running-race', 'description': 'SF Marathon will result in parking lot closures, road closures, and detours from 1am to 1pm in San Francisco, on Golden Gate Bridge, and at Fort Mason, Crissy Field, Fort Point, Fort Baker, Lincoln Avenue on Presidio, and other city streets.'}]",e066984a-abca-48aa-2cb4-08d4c7ad36e2,Golden Gate National Recreation Area,2023-09-27T19:51:56.587548Z,Golden Gate National Recreation Area,GOGA_Superintendent@nps.gov,
2026-07-27,False,False,False,False,2026-07-22T07:00:00Z,2026-07-27T06:59:59Z,unknown,all-lanes-closed,estimated,estimated,estimated,estimated,6462a3f8-60de-633c-da17-5663cc081dbc,62,"Temporary Road Closures for San Francisco Marathon July 26, 2026",e066984a-abca-48aa-2cb4-08d4c7ad36e2,incident,"['Embarcadero', 'Marina Blvd', 'Mason St', 'Long Ave', 'Alexander Ave', 'East Road', '']",southbound,"SF Marathon will result in parking lot closures, road closures, and detours from 1am to 1pm in San Francisco, on Golden Gate Bridge, and at Fort Mason, Crissy Field, Fort Point, Fort Baker, Lincoln Avenue on Presidio, and other city streets.",,"[{'incident_category': 'special-event', 'incident_type': 'running-race', 'description': 'SF Marathon will result in parking lot closures, road closures, and detours from 1am to 1pm in San Francisco, on Golden Gate Bridge, and at Fort Mason, Crissy Field, Fort Point, Fort Baker, Lincoln Avenue on Presidio, and other city streets.'}]",e066984a-abca-48aa-2cb4-08d4c7ad36e2,Golden Gate National Recreation Area,2023-09-27T19:51:56.587548Z,Golden Gate National Recreation Area,GOGA_Superintendent@nps.gov,
2026-07-27,False,False,False,False,2026-07-22T07:00:00Z,2026-07-27T06:59:59Z,unknown,all-lanes-closed,estimated,estimated,estimated,estimated,94ba67e4-aa91-c1f6-1f9e-b03ee535f661,63,"Temporary Road Closures for San Francisco Marathon July 26, 2026",e066984a-abca-48aa-2cb4-08d4c7ad36e2,incident,"['Embarcadero', 'Marina Blvd', 'Mason St', 'Long Ave', 'Alexander Ave', 'East Road', '']",southbound,"SF Marathon will result in parking lot closures, road closures, and detours from 1am to 1pm in San Francisco, on Golden Gate Bridge, and at Fort Mason, Crissy Field, Fort Point, Fort Baker, Lincoln Avenue on Presidio, and other city streets.",,"[{'incident_category': 'special-event', 'incident_type': 'running-race', 'description': 'SF Marathon will result in parking lot closures, road closures, and detours from 1am to 1pm in San Francisco, on Golden Gate Bridge, and at Fort Mason, Crissy Field, Fort Point, Fort Baker, Lincoln Avenue on Presidio, and other city streets.'}]",e066984a-abca-48aa-2cb4-08d4c7ad36e2,Golden Gate National Recreation Area,2023-09-27T19:51:56.587548Z,Golden Gate National Recreation Area,GOGA_Superintendent@nps.gov,
2026-07-27,False,False,False,False,2026-07-22T07:00:00Z,2026-07-27T06:59:59Z,unknown,all-lanes-closed,estimated,estimated,estimated,estimated,97631059-9a67-5bec-231e-6d4df29c0c8a,64,"Temporary Road Closures for San Francisco Marathon July 26, 2026",e066984a-abca-48aa-2cb4-08d4c7ad36e2,incident,"['Embarcadero', 'Marina Blvd', 'Mason St', 'Long Ave', 'Alexander Ave', 'East Road', '']",northbound,"SF Marathon will result in parking lot closures, road closures, and detours from 1am to 1pm in San Francisco, on Golden Gate Bridge, and at Fort Mason, Crissy Field, Fort Point, Fort Baker, Lincoln Avenue on Presidio, and other city streets.",,"[{'incident_category': 'special-event', 'incident_type': 'running-race', 'description': 'SF Marathon will result in parking lot closures, road closures, and detours from 1am to 1pm in San Francisco, on Golden Gate Bridge, and at Fort Mason, Crissy Field, Fort Point, Fort Baker, Lincoln Avenue on Presidio, and other city streets.'}]",e066984a-abca-48aa-2cb4-08d4c7ad36e2,Golden Gate National Recreation Area,2023-09-27T19:51:56.587548Z,Golden Gate National Recreation Area,GOGA_Superintendent@nps.gov,
2026-07-27,False,False,False,False,2026-07-22T07:00:00Z,2026-07-27T06:59:59Z,unknown,all-lanes-closed,estimated,estimated,estimated,estimated,a6f71e54-f7b5-40d5-fe53-35fee423ad1b,65,"Temporary Road Closures for San Francisco Marathon July 26, 2026",e066984a-abca-48aa-2cb4-08d4c7ad36e2,incident,"['Embarcadero', 'Marina Blvd', 'Mason St', 'Long Ave', 'Alexander Ave', 'East Road', '']",northbound,"SF Marathon will result in parking lot closures, road closures, and detours from 1am to 1pm in San Francisco, on Golden Gate Bridge, and at Fort Mason, Crissy Field, Fort Point, Fort Baker, Lincoln Avenue on Presidio, and other city streets.",,"[{'incident_category': 'special-event', 'incident_type': 'running-race', 'description': 'SF Marathon will result in parking lot closures, road closures, and detours from 1am to 1pm in San Francisco, on Golden Gate Bridge, and at Fort Mason, Crissy Field, Fort Point, Fort Baker, Lincoln Avenue on Presidio, and other city streets.'}]",e066984a-abca-48aa-2cb4-08d4c7ad36e2,Golden Gate National Recreation Area,2023-09-27T19:51:56.587548Z,Golden Gate National Recreation Area,GOGA_Superintendent@nps.gov,
2026-07-27,False,False,False,False,2026-07-22T07:00:00Z,2026-07-27T06:59:59Z,unknown,all-lanes-closed,estimated,estimated,estimated,estimated,ac7a8d8e-ce5e-fdd6-8a04-9944ac925494,66,"Temporary Road Closures for San Francisco Marathon July 26, 2026",e066984a-abca-48aa-2cb4-08d4c7ad36e2,incident,"['Embarcadero', 'Marina Blvd', 'Mason St', 'Long Ave', 'Alexander Ave', 'East Road', '']",northbound,"SF Marathon will result in parking lot closures, road closures, and detours from 1am to 1pm in San Francisco, on Golden Gate Bridge, and at Fort Mason, Crissy Field, Fort Point, Fort Baker, Lincoln Avenue on Presidio, and other city streets.",,"[{'incident_category': 'special-event', 'incident_type': 'running-race', 'description': 'SF Marathon will result in parking lot closures, road closures, and detours from 1am to 1pm in San Francisco, on Golden Gate Bridge, and at Fort Mason, Crissy Field, Fort Point, Fort Baker, Lincoln Avenue on Presidio, and other city streets.'}]",e066984a-abca-48aa-2cb4-08d4c7ad36e2,Golden Gate National Recreation Area,2023-09-27T19:51:56.587548Z,Golden Gate National Recreation Area,GOGA_Superintendent@nps.gov,
2026-07-27,False,False,False,False,2026-07-22T07:00:00Z,2026-07-27T06:59:59Z,unknown,all-lanes-closed,estimated,estimated,estimated,estimated,ad1b77e8-4535-7f51-5d8a-3d61f280157a,67,"Temporary Road Closures for San Francisco Marathon July 26, 2026",e066984a-abca-48aa-2cb4-08d4c7ad36e2,incident,"['Embarcadero', 'Marina Blvd', 'Mason St', 'Long Ave', 'Alexander Ave', 'East Road', '']",eastbound,"SF Marathon will result in parking lot closures, road closures, and detours from 1am to 1pm in San Francisco, on Golden Gate Bridge, and at Fort Mason, Crissy Field, Fort Point, Fort Baker, Lincoln Avenue on Presidio, and other city streets.",,"[{'incident_category': 'special-event', 'incident_type': 'running-race', 'description': 'SF Marathon will result in parking lot closures, road closures, and detours from 1am to 1pm in San Francisco, on Golden Gate Bridge, and at Fort Mason, Crissy Field, Fort Point, Fort Baker, Lincoln Avenue on Presidio, and other city streets.'}]",e066984a-abca-48aa-2cb4-08d4c7ad36e2,Golden Gate National Recreation Area,2023-09-27T19:51:56.587548Z,Golden Gate National Recreation Area,GOGA_Superintendent@nps.gov,
2026-07-27,False,False,False,False,2026-07-22T07:00:00Z,2026-07-27T06:59:59Z,unknown,all-lanes-closed,estimated,estimated,estimated,estimated,af3f0c4e-affd-569d-00e9-d5edc3038eff,68,"Temporary Road Closures for San Francisco Marathon July 26, 2026",e066984a-abca-48aa-2cb4-08d4c7ad36e2,incident,"['Embarcadero', 'Marina Blvd', 'Mason St', 'Long Ave', 'Alexander Ave', 'East Road', '']",northbound,"SF Marathon will result in parking lot closures, road closures, and detours from 1am to 1pm in San Francisco, on Golden Gate Bridge, and at Fort Mason, Crissy Field, Fort Point, Fort Baker, Lincoln Avenue on Presidio, and other city streets.",,"[{'incident_category': 'special-event', 'incident_type': 'running-race', 'description': 'SF Marathon will result in parking lot closures, road closures, and detours from 1am to 1pm in San Francisco, on Golden Gate Bridge, and at Fort Mason, Crissy Field, Fort Point, Fort Baker, Lincoln Avenue on Presidio, and other city streets.'}]",e066984a-abca-48aa-2cb4-08d4c7ad36e2,Golden Gate National Recreation Area,2023-09-27T19:51:56.587548Z,Golden Gate National Recreation Area,GOGA_Superintendent@nps.gov,
2026-07-27,False,False,False,False,2026-07-22T07:00:00Z,2026-07-27T06:59:59Z,unknown,all-lanes-closed,estimated,estimated,estimated,estimated,bc0bc70a-19f0-2e0b-1741-f87aa40e7abc,69,"Temporary Road Closures for San Francisco Marathon July 26, 2026",e066984a-abca-48aa-2cb4-08d4c7ad36e2,incident,"['Embarcadero', 'Marina Blvd', 'Mason St', 'Long Ave', 'Alexander Ave', 'East Road', '']",southbound,"SF Marathon will result in parking lot closures, road closures, and detours from 1am to 1pm in San Francisco, on Golden Gate Bridge, and at Fort Mason, Crissy Field, Fort Point, Fort Baker, Lincoln Avenue on Presidio, and other city streets.",,"[{'incident_category': 'special-event', 'incident_type': 'running-race', 'description': 'SF Marathon will result in parking lot closures, road closures, and detours from 1am to 1pm in San Francisco, on Golden Gate Bridge, and at Fort Mason, Crissy Field, Fort Point, Fort Baker, Lincoln Avenue on Presidio, and other city streets.'}]",e066984a-abca-48aa-2cb4-08d4c7ad36e2,Golden Gate National Recreation Area,2023-09-27T19:51:56.587548Z,Golden Gate National Recreation Area,GOGA_Superintendent@nps.gov,
2026-07-27,False,False,False,False,2026-07-22T07:00:00Z,2026-07-27T06:59:59Z,unknown,all-lanes-closed,estimated,estimated,estimated,estimated,c11ee625-62d0-04ba-59a4-f38377e83299,70,"Temporary Road Closures for San Francisco Marathon July 26, 2026",e066984a-abca-48aa-2cb4-08d4c7ad36e2,incident,"['Embarcadero', 'Marina Blvd', 'Mason St', 'Long Ave', 'Alexander Ave', 'East Road', '']",northbound,"SF Marathon will result in parking lot closures, road closures, and detours from 1am to 1pm in San Francisco, on Golden Gate Bridge, and at Fort Mason, Crissy Field, Fort Point, Fort Baker, Lincoln Avenue on Presidio, and other city streets.",,"[{'incident_category': 'special-event', 'incident_type': 'running-race', 'description': 'SF Marathon will result in parking lot closures, road closures, and detours from 1am to 1pm in San Francisco, on Golden Gate Bridge, and at Fort Mason, Crissy Field, Fort Point, Fort Baker, Lincoln Avenue on Presidio, and other city streets.'}]",e066984a-abca-48aa-2cb4-08d4c7ad36e2,Golden Gate National Recreation Area,2023-09-27T19:51:56.587548Z,Golden Gate National Recreation Area,GOGA_Superintendent@nps.gov,
2026-07-27,False,False,False,False,2026-07-22T07:00:00Z,2026-07-27T06:59:59Z,unknown,all-lanes-closed,estimated,estimated,estimated,estimated,d18af128-b8d0-37e6-c9b4-7087b651911a,71,"Temporary Road Closures for San Francisco Marathon July 26, 2026",e066984a-abca-48aa-2cb4-08d4c7ad36e2,incident,"['Embarcadero', 'Marina Blvd', 'Mason St', 'Long Ave', 'Alexander Ave', 'East Road', '']",northbound,"SF Marathon will result in parking lot closures, road closures, and detours from 1am to 1pm in San Francisco, on Golden Gate Bridge, and at Fort Mason, Crissy Field, Fort Point, Fort Baker, Lincoln Avenue on Presidio, and other city streets.",,"[{'incident_category': 'special-event', 'incident_type': 'running-race', 'description': 'SF Marathon will result in parking lot closures, road closures, and detours from 1am to 1pm in San Francisco, on Golden Gate Bridge, and at Fort Mason, Crissy Field, Fort Point, Fort Baker, Lincoln Avenue on Presidio, and other city streets.'}]",e066984a-abca-48aa-2cb4-08d4c7ad36e2,Golden Gate National Recreation Area,2023-09-27T19:51:56.587548Z,Golden Gate National Recreation Area,GOGA_Superintendent@nps.gov,
2026-07-27,False,False,False,False,2026-07-22T07:00:00Z,2026-07-27T06:59:59Z,unknown,all-lanes-closed,estimated,estimated,estimated,estimated,d1d36493-d3f0-a3dd-f7bf-47cd52a9c3ec,72,"Temporary Road Closures for San Francisco Marathon July 26, 2026",e066984a-abca-48aa-2cb4-08d4c7ad36e2,incident,"['Embarcadero', 'Marina Blvd', 'Mason St', 'Long Ave', 'Alexander Ave', 'East Road', '']",southbound,"SF Marathon will result in parking lot closures, road closures, and detours from 1am to 1pm in San Francisco, on Golden Gate Bridge, and at Fort Mason, Crissy Field, Fort Point, Fort Baker, Lincoln Avenue on Presidio, and other city streets.",,"[{'incident_category': 'special-event', 'incident_type': 'running-race', 'description': 'SF Marathon will result in parking lot closures, road closures, and detours from 1am to 1pm in San Francisco, on Golden Gate Bridge, and at Fort Mason, Crissy Field, Fort Point, Fort Baker, Lincoln Avenue on Presidio, and other city streets.'}]",e066984a-abca-48aa-2cb4-08d4c7ad36e2,Golden Gate National Recreation Area,2023-09-27T19:51:56.587548Z,Golden Gate National Recreation Area,GOGA_Superintendent@nps.gov,
2026-07-27,False,False,False,False,2026-07-22T07:00:00Z,2026-07-27T06:59:59Z,unknown,all-lanes-closed,estimated,estimated,estimated,estimated,e9c2e868-b571-cd4d-4c86-2437f8ca269f,73,"Temporary Road Closures for San Francisco Marathon July 26, 2026",e066984a-abca-48aa-2cb4-08d4c7ad36e2,incident,"['Embarcadero', 'Marina Blvd', 'Mason St', 'Long Ave', 'Alexander Ave', 'East Road', '']",southbound,"SF Marathon will result in parking lot closures, road closures, and detours from 1am to 1pm in San Francisco, on Golden Gate Bridge, and at Fort Mason, Crissy Field, Fort Point, Fort Baker, Lincoln Avenue on Presidio, and other city streets.",,"[{'incident_category': 'special-event', 'incident_type': 'running-race', 'description': 'SF Marathon will result in parking lot closures, road closures, and detours from 1am to 1pm in San Francisco, on Golden Gate Bridge, and at Fort Mason, Crissy Field, Fort Point, Fort Baker, Lincoln Avenue on Presidio, and other city streets.'}]",e066984a-abca-48aa-2cb4-08d4c7ad36e2,Golden Gate National Recreation Area,2023-09-27T19:51:56.587548Z,Golden Gate National Recreation Area,GOGA_Superintendent@nps.gov,
2026-07-27,False,False,False,False,2026-07-22T07:00:00Z,2026-07-27T06:59:59Z,unknown,all-lanes-closed,estimated,estimated,estimated,estimated,fcec3800-8c54-fd94-d71a-020a66e0daf3,74,"Temporary Road Closures for San Francisco Marathon July 26, 2026",e066984a-abca-48aa-2cb4-08d4c7ad36e2,incident,"['Embarcadero', 'Marina Blvd', 'Mason St', 'Long Ave', 'Alexander Ave', 'East Road', '']",eastbound,"SF Marathon will result in parking lot closures, road closures, and detours from 1am to 1pm in San Francisco, on Golden Gate Bridge, and at Fort Mason, Crissy Field, Fort Point, Fort Baker, Lincoln Avenue on Presidio, and other city streets.",,"[{'incident_category': 'special-event', 'incident_type': 'running-race', 'description': 'SF Marathon will result in parking lot closures, road closures, and detours from 1am to 1pm in San Francisco, on Golden Gate Bridge, and at Fort Mason, Crissy Field, Fort Point, Fort Baker, Lincoln Avenue on Presidio, and other city streets.'}]",e066984a-abca-48aa-2cb4-08d4c7ad36e2,Golden Gate National Recreation Area,2023-09-27T19:51:56.587548Z,Golden Gate National Recreation Area,GOGA_Superintendent@nps.gov,
2026-07-27,False,False,False,False,2026-07-22T07:00:00Z,2026-07-27T06:59:59Z,unknown,all-lanes-closed,estimated,estimated,estimated,estimated,fede2dc4-a302-5ffa-0092-1c81fc0280ee,75,"Temporary Road Closures for San Francisco Marathon July 26, 2026",e066984a-abca-48aa-2cb4-08d4c7ad36e2,incident,"['Embarcadero', 'Marina Blvd', 'Mason St', 'Long Ave', 'Alexander Ave', 'East Road', '']",southbound,"SF Marathon will result in parking lot closures, road closures, and detours from 1am to 1pm in San Francisco, on Golden Gate Bridge, and at Fort Mason, Crissy Field, Fort Point, Fort Baker, Lincoln Avenue on Presidio, and other city streets.",,"[{'incident_category': 'special-event', 'incident_type': 'running-race', 'description': 'SF Marathon will result in parking lot closures, road closures, and detours from 1am to 1pm in San Francisco, on Golden Gate Bridge, and at Fort Mason, Crissy Field, Fort Point, Fort Baker, Lincoln Avenue on Presidio, and other city streets.'}]",e066984a-abca-48aa-2cb4-08d4c7ad36e2,Golden Gate National Recreation Area,2023-09-27T19:51:56.587548Z,Golden Gate National Recreation Area,GOGA_Superintendent@nps.gov,
2026-07-27,False,False,False,False,2026-07-22T07:00:00Z,2026-07-27T06:59:59Z,unknown,all-lanes-closed,estimated,estimated,estimated,estimated,ff9331a0-c27d-b70e-6787-9e2b756eabee,76,"Temporary Road Closures for San Francisco Marathon July 26, 2026",e066984a-abca-48aa-2cb4-08d4c7ad36e2,incident,"['Embarcadero', 'Marina Blvd', 'Mason St', 'Long Ave', 'Alexander Ave', 'East Road', '']",northbound,"SF Marathon will result in parking lot closures, road closures, and detours from 1am to 1pm in San Francisco, on Golden Gate Bridge, and at Fort Mason, Crissy Field, Fort Point, Fort Baker, Lincoln Avenue on Presidio, and other city streets.",,"[{'incident_category': 'special-event', 'incident_type': 'running-race', 'description': 'SF Marathon will result in parking lot closures, road closures, and detours from 1am to 1pm in San Francisco, on Golden Gate Bridge, and at Fort Mason, Crissy Field, Fort Point, Fort Baker, Lincoln Avenue on Presidio, and other city streets.'}]",e066984a-abca-48aa-2cb4-08d4c7ad36e2,Golden Gate National Recreation Area,2023-09-27T19:51:56.587548Z,Golden Gate National Recreation Area,GOGA_Superintendent@nps.gov,
